{
    "name": "World GDP",
    "children": [
		{
        "value": 0.3183,
        "name": "亚洲",
        "children": [
                 {"value": 0.1503, "name": "中国"}
                ,{"value": 0.0610, "name": "日本"}
                ,{"value": 0.0327, "name": "印度"}
                ,{"value": 0.0192, "name": "韩国"}
                ,{"value": 0.0127, "name": "印尼"}
                ,{"value": 0.0106, "name": "土耳其"}
                ,{"value": 0.0086, "name": "沙特"}
                ,{"value": 0.0057, "name": "泰国"}
                ,{"value": 0.0054, "name": "伊朗"}]},
        {
        "value": 0.2072,
        "name": "欧洲",
        "children": [
                 {"value": 0.0461, "name": "德国"}
                ,{"value": 0.0328, "name": "英国"}
                ,{"value": 0.0323, "name": "法国"}
                ,{"value": 0.0242, "name": "意大利"}
                ,{"value": 0.0191, "name": "俄罗斯"}
                ,{"value": 0.0164, "name": "西班牙"}
                ,{"value": 0.0103, "name": "荷兰"}
                ,{"value": 0.0085, "name": "瑞士"}
                ,{"value": 0.0067, "name": "瑞典"}
                ,{"value": 0.0066, "name": "波兰"}]},
        {
        "value": 0.0337,
        "name": "南美洲",
        "children": [
                 {"value": 0.0257, "name": "巴西"}
                ,{"value": 0.0080, "name": "阿根廷"}]},
        {
        "value": 0.0173,
        "name": "大洋洲",
        "children": [
                {"value": 0.0173, "name": "澳大利亚"}]},
        {
        "value": 0.2777,
        "name": "北美洲",
        "children": [
                 {"value": 0.2426, "name": "美国"}
                ,{"value": 0.0207, "name": "加拿大"}
                ,{"value": 0.0144, "name": "墨西哥"}]},
        {
        "value": 0.1449,
        "name": "其他国家"}
    ]
}